task_id,init_secs,init_nsecs,fin_secs,fin_nsecs,time_took,moving_avg_time,task_status,moving_avg_status,who_succeeded
14,1599743325,334143244,1599743449,553362874,124.21921968460083,8.872801406042916,1,0.07142857142857142,''
